site_code,Year,Month,mean_no3_uM,cum_Q_L,c_x_Q,cum_no3_storms,cum_Q_storms,vwm_monthly
AB00,2000,10,71.73333333333333,NA,NA,0,0,NA
AB00,2000,11,79.06666666666666,NA,NA,0,0,NA
AB00,2000,12,168.7,NA,NA,0,0,NA
AB00,2001,1,68.55,NA,NA,0,0,NA
AB00,2001,2,50.85142857142857,NA,NA,0,0,NA
AB00,2001,3,78.21363636363637,NA,NA,0,0,NA
AB00,2001,4,70,NA,NA,0,0,NA
AB00,2001,5,108.6,NA,NA,0,0,NA
AB00,2001,6,126.4,NA,NA,0,0,NA
AB00,2001,7,114.80000000000001,NA,NA,0,0,NA
AB00,2001,8,109.5,NA,NA,0,0,NA
AB00,2001,9,113.8,NA,NA,0,0,NA
AB00,2001,10,174.1125,NA,NA,0,0,NA
AB00,2001,11,70.65,11841949.440000001,836633727.9360001,8004492000,96300000,81.7548210820935
AB00,2001,12,119.55,51126828.480000004,6112212344.784,5571415000,96900000,78.9291202463517
AB00,2002,1,101.61428571428571,65995534.08,6706089055.872,2854280000,49900000,82.49126363465135
AB00,2002,2,116.57499999999999,80052166.08,9332081260.776,0,0,116.57499999999999
AB00,2002,3,58.449999999999996,79088434.56,4622719000.032,1078688000,10400000,63.711104435616576
AB00,2002,4,57.26,159375790.08,9125857739.9808,0,0,57.26
AB00,2002,5,39.8,160599576.96,6391863163.007999,0,0,39.8
AB00,2002,6,57.86666666666667,67354070.4,3897555540.4800005,0,0,57.86666666666667
AB00,2002,7,52.4,27509518.08,1441498747.392,0,0,52.4
AB00,2002,8,40.55,34933083.84,1416536549.7120001,0,0,40.55
AB00,2002,9,43.3,25778079.36,1116190836.2879999,0,0,43.3
AB00,2002,10,79.05000000000001,30627987.84,2421142438.7520003,0,0,79.05000000000001
AB00,2002,11,82.16666666666666,61772353.92,5075628413.759999,28220300000,410000000,70.57626021766866
AB00,2002,12,82.77142857142857,106760090.88,8836685236.553143,38166450000,479000000,80.242979964612
AB00,2003,1,88.36,34663394.88,3062857571.5968003,0,0,88.36
AB00,2003,2,99.56666666666666,36536227.2,3637790354.88,8601091000,169100000,59.51714598895346
AB00,2003,3,63.150000000000006,67617400.32,4270038830.2079997,42190050000,483000000,84.3781704014566
AB00,2003,4,86.5,115470360,9988186140,2361888000,83400000,62.101130304184096
AB00,2003,5,45.75,171947992.32,7866620648.639999,4211419999.9999995,118000000,41.6558864643219
AB00,2003,6,84.05,124358915.52,10452366849.456,0,0,84.05
AB00,2003,7,56.93333333333334,50354231.04,2866834220.544,0,0,56.93333333333334
AB00,2003,8,55.25,24409477.44,1348623628.5600002,0,0,55.25000000000001
AB00,2003,9,44.05,32039521.92,1411340940.576,0,0,44.05
AB00,2003,10,125.78,2627925.12,330540421.59360003,0,0,125.78
AB00,2003,11,62.922222222222224,NA,NA,0,0,NA
AB00,2003,12,106.58888888888889,23679207.36,2523940402.272,8296398000,137700000,67.04914827183595
AB00,2004,1,100.66666666666667,111338435.52,11208069175.68,1653044000,12400000,103.9379003107021
AB00,2004,2,85.4,29435469.12,2513789062.848,44887391000,427600000,103.71444508260313
AB00,2004,3,72.2,49040000.64,3540688046.208,1156836000,29800000,59.58300365391778
AB00,2004,4,68.44,53269488,3645763758.72,0,0,68.44
AB00,2004,5,44.5,25168112.64,1119981012.48,0,0,44.5
AB00,2004,6,74.45,113017524.48,8414154697.536,0,0,74.45
AB00,2004,7,403,93051210.24,37499637726.72,0,0,403.00000000000006
AB00,2004,8,14.6,134006296.32,1956491926.2719998,0,0,14.6
AB00,2004,9,45.666666666666664,121688611.2,5557113244.8,0,0,45.666666666666664
AB00,2004,10,43.96666666666667,25601279.04,1125602901.792,12223384000,230600000,52.10351389271503
AB00,2004,11,82.56,29671928.64,2449714428.5184,0,0,82.56
AB00,2004,12,68.4,25128100.8,1718762094.7200003,90680783000,1054900000,85.55290832366092
AB00,2005,1,114.07857142857144,497375259.84,56739859106.461716,289862485000,3089700000,96.62533373273071
AB00,2005,2,91.86,245490946.56,22550798351.0016,98526156000,1460400000,70.97578810366414
AB00,2005,3,96.0923076923077,487270192.32,46822917249.703384,17748610000,282500000,83.88416165491175
AB00,2005,4,103.60000000000001,242054326.08,25076828181.888004,2483750000,62500000,90.49478474539356
AB00,2005,5,93.25,121170712.32,11299168923.84,3800776000.0000005,46900000,89.84280910936049
AB00,2005,6,106.375,69717188.16,7416165890.5199995,0,0,106.375
AB00,2005,7,103.55,59586261.12,6170157338.976,0,0,103.55
AB00,2005,8,116.45,39478034.88,4597217161.776,0,0,116.44999999999999
AB00,2005,9,124.9,33705927.36,4209870327.264,0,0,124.9
AB00,2005,10,147.2,89338792.32,13150670229.503998,0,0,147.2
AB00,2007,9,84.65,NA,NA,0,0,NA
AB00,2007,10,75.6,NA,NA,0,0,NA
AB00,2007,11,91.05000000000001,172376242.56,15694856885.088001,0,0,91.05000000000001
AB00,2008,1,123.93571428571428,1322396210.8799999,163892118964.13483,39830400000,461000000,114.23289884843362
AB00,2008,2,48.2,271657990.08,13093915121.856,1714190000,66700000,43.76460895265051
AB00,2008,3,58.199999999999996,177213977.28,10313853477.696,0,0,58.199999999999996
AB00,2008,4,52.666666666666664,108445374.72,5711456401.92,0,0,52.66666666666667
AB00,2008,5,47.1,133759054.08,6300051447.168,0,0,47.1
AB00,2008,6,35.5,121448998.08,4311439431.84,0,0,35.5
AB00,2008,7,33.1,128661117.12,4258682976.6720004,0,0,33.1
AB00,2008,8,40.1,63242294.4,2536016005.44,0,0,40.1
AB00,2008,9,39.9,52719448.32,2103505987.968,0,0,39.9
AB00,2008,10,49.9,85281128.64,4255528319.1359997,0,0,49.9
AB00,2008,11,51.63333333333333,105594278.39999999,5452184574.719999,2639826000,57400000,49.645979319971026
AB00,2008,12,54.68333333333334,104318651.52,5704491593.952001,5931760000,84800000,61.528841816648765
AB00,2009,1,67.43333333333334,79522344,5362456730.400001,3034206000.0000005,41400000,69.43847144081164
AB00,2009,2,47.40833333333333,121561482.24,5763027270.528,5031620000,230000000,30.70486334779654
AB00,2009,3,27.975,120378908.16,3367599955.776,390540000,23000000,26.211246856352126
AB00,2009,4,53.166666666666664,128078936.64,6809530131.36,0,0,53.166666666666664
AB00,2009,5,34.25,88260900.48,3022935841.44,0,0,34.25
AB00,2009,6,63.65,85869331.2,5465582930.88,0,0,63.65
AB00,2009,7,43.86666666666667,17052050.88,748016631.936,0,0,43.86666666666667
AB00,2009,8,34.9,101620560.96000001,3546557577.504,0,0,34.9
AB00,2009,9,33.7,102786408,3463901949.6000004,0,0,33.7
AB00,2009,10,66.73103448275862,11556120.96,771151906.2686896,0,0,66.73103448275862
AB00,2009,11,65.7,50191764.48,3297598926.336,0,0,65.7
AB00,2009,12,48.15,66376592.64,3196032935.6159997,10853658000,224700000,48.26802048281666
AB00,2010,1,33.75,84390863.04,2848191627.6000004,32430480000,652000000,47.90753579146962
AB00,2010,2,52.52857142857143,634861566.72,33348371154.70629,0,0,52.52857142857143
AB00,2010,3,48.333333333333336,215693305.92,10425176452.8,0,0,48.333333333333336
AB00,2010,4,39.55,146691060.48000002,5801631441.984,3177503000,93100000,37.445659667254
AB00,2010,5,21.9,190839032.64000002,4179374814.816,0,0,21.9
AB00,2010,6,49.6,29969861.76,1486505143.2960002,0,0,49.60000000000001
AB00,2010,7,53.05,9597666.24,509156194.032,0,0,53.05
AB00,2010,8,49.5,13852797.12,685713457.4399999,0,0,49.5
AB00,2010,10,54,82904886.71999998,4476863882.879999,0,0,54
AB00,2010,11,53.7,90409841.28,4855008476.736,0,0,53.7
AB00,2011,1,60.900000000000006,576942108.48,35135774406.43201,0,0,60.90000000000001
AB00,2011,2,23.633333333333333,149445768.96,3531901673.0880003,186499000,10900000,23.18988955683387
AB00,2011,3,43.75,37289972.160000004,1631436282.0000002,106266600000,1980000000,53.486626995160684
AB00,2011,4,49.6,366005511.36,18153873363.456,0,0,49.6
AB00,2011,5,48.55,307292736.96,14919062379.407997,0,0,48.55
AB00,2011,6,38.6,260623811.52,10060079124.672,0,0,38.6
AB00,2011,7,70.6,149828512.32,10577892969.791998,0,0,70.6
AB00,2011,8,66.4,92326011.84,6130447186.176001,0,0,66.4
AB00,2011,9,68.4,69867524.16,4778938652.544001,0,0,68.4
AB00,2011,10,72.15,108031397.75999999,7794465348.384,0,0,72.15
AB00,2011,11,69.8,68652299.52,4791930506.495999,4086636000,76400000,61.20941574781316
AB00,2011,12,58.38333333333333,81783060.48,4774767681.024,0,0,58.38333333333333
AB00,2012,1,73.45,43714607.04,3210837887.088,6236250000,125000000,55.99448709765966
AB00,2012,2,57.575,55140557.76,3174717613.032,0,0,57.575
AB00,2012,3,50.7,42953120.64,2177723216.448,4268448000,183400000,28.478384562235476
AB00,2012,4,45.4,32372922.24,1469730669.6959999,2183069000,86500000,30.728610022063172
AB00,2012,5,68.86666666666666,55777127.04,3841184815.4879994,0,0,68.86666666666666
AB00,2012,6,76.3,54518443.2,4159757216.16,0,0,76.3
AB00,2012,7,73.1,55802736,4079180001.6,0,0,73.1
AB00,2012,8,54.6,62578897.92,3416807826.432,0,0,54.6
AB00,2012,9,60.15,75997872,4571272000.8,0,0,60.150000000000006
AB00,2012,10,70.44999999999999,64029761.28,4510896682.176,0,0,70.44999999999999
AB00,2012,11,65.2,68462910.72,4463781778.944,4423840000,86000000,57.53887284342896
AB00,2012,12,NA,191957497.92,NA,0,0,NA
AB00,2013,1,73.7,37454607.36,2760404562.432,2511122000,73900000,47.33999506091025
AB00,2013,2,63.85,47423810.88,3028010324.688,0,0,63.85
AB00,2013,3,47.53333333333333,41067976.32,1952097807.744,903925000,47500000,32.24667567682775
AB00,2013,4,53.95,33562071.36,1810673749.872,0,0,53.95
AB00,2013,5,43.34,76160200.32000001,3300783081.8688006,0,0,43.34
AB00,2013,6,32.05,121530179.52,3895042253.6159997,0,0,32.05
AB00,2013,7,27.433333333333334,175744693.44,4821262756.7039995,0,0,27.43333333333333
AB00,2013,8,32.2,164016671.04,5281336807.488,0,0,32.2
AB00,2013,9,42.2,118683377.28,5008438521.216001,0,0,42.2
AB00,2013,10,51.55,203862666.23999998,10509120444.671999,0,0,51.55
AB00,2013,11,55.5,235302045.12,13059263504.16,0,0,55.5
AB00,2013,12,60.25,21473147.52,1293757138.08,172886000,3710000,58.23907186006906
AB00,2014,1,62.14,30090294.72,1869810913.9008,0,0,62.14
AB00,2014,2,46.8,10130400,474102720,11302308000,417300000,27.551645180127572
AB00,2014,3,42.68333333333334,55652495.04,2375433996.624,0,0,42.68333333333334
AB00,2014,4,25.08,43982663.04,1103085189.0432,0,0,25.080000000000002
AB00,2014,5,25.15,52545965.76,1321531038.8639998,0,0,25.15
AB00,2014,6,23.3,51069960,1189930068,0,0,23.3
AB00,2014,7,21,30777667.2,646331011.1999999,0,0,20.999999999999996
AB00,2014,8,20.6,14990019.84,308794408.704,0,0,20.6
AB00,2014,9,23.15,13910875.2,322036760.87999994,0,0,23.149999999999995
AB00,2014,10,46.85,23787639.36,1114450904.016,3567276000.0000005,39400000,74.09244832431102
AB00,2014,11,61.4,8407022.4,516191175.36,3614940000,133000000,29.214469728909304
AB00,2014,12,65.9,16607211.84,1094415260.256,4180700000,194000000,25.047172953714178
AB00,2015,1,52.8,21230553.6,1120973230.08,1057260000,80400000,21.43285806208577
AB00,2015,2,57.625,12573455.04,724545346.68,421738000,33000000,25.152434584428644
AB00,2015,3,57.425,14456664,830173930.1999999,0,0,57.425
AB00,2015,4,39.63333333333333,5954281.92,235988040.096,99177000,3900000,34.01212212284667
AB00,2015,5,27.8,6863244.48,190798196.54400003,155466097.28395417,10263528,20.217720194059247
AB00,2015,6,45.1,5154943.68,232487959.968,130849986.71349871,39138552,8.20296391385424
AB00,2015,7,15.1,5397096.96,81496164.096,0,0,15.1
AB00,2015,10,37.4,7374602.880000001,275810147.712,0,0,37.4
AB00,2015,11,62.8,2461371.84,154574151.552,0,0,62.8
AB00,2015,12,88.69999999999999,8304647.04,736622192.448,0,0,88.69999999999999
AB00,2016,1,34.22405063291139,344440753.92,11788157802.196255,0,0,34.22405063291139
AB00,2016,2,20.98076923076923,25169901.12,528083886.96,0,0,20.98076923076923
AB00,2016,3,14.760606060606062,192137711.04,2836069062.048,0,0,14.76060606060606
AB00,2016,4,14.721428571428572,26865924.48,395504788.2377143,0,0,14.721428571428572
AB00,2016,5,37.75,32765904,1236912876,0,0,37.75
AB00,2016,6,23.85,10289090.88,245394817.48800004,0,0,23.85
AB00,2016,7,3.3,4323732.48,14268317.184,0,0,3.3
AB00,2016,8,3.1,2053840.32,6366904.992000001,0,0,3.1
AB00,2016,9,23.7,2168138.88,51384891.45599999,0,0,23.7
AB00,2016,10,31.790909090909093,17809148.16,566169010.141091,0,0,31.790909090909096
AB00,2016,11,21.15714285714286,24754645.44,523737569.9520001,0,0,21.15714285714286
AB00,2016,12,7.351999999999999,127357522.55999999,936332505.8611199,0,0,7.351999999999999
AB00,2017,1,14.88046875,708411407.04,10541493804.60225,0,0,14.88046875
AB00,2017,2,110.86,1990707062.4,220689784937.664,0,0,110.86
AB00,2017,3,50.275,154905583.68,7787878219.512,0,0,50.275
AB00,2017,4,80.86666666666666,33929418.24,2743758955.008,0,0,80.86666666666666
AB00,2017,5,53.95,46908469.44,2530711926.288,0,0,53.95
AB00,2017,6,34.1,16408457.28,559528393.248,0,0,34.1
AB00,2017,8,34.1,13084234.56,446172398.49600005,0,0,34.1
AB00,2017,9,39.4,24100493.76,949559454.144,0,0,39.4
AB00,2017,10,34.5,18058913.28,623032508.1600001,0,0,34.5
AB00,2017,11,49.3,9092217.6,448246327.67999995,0,0,49.3
AB00,2018,1,11.344186046511627,102494790.72,1162719974.7259533,0,0,11.344186046511627
AB00,2018,2,46.5,31477014.72,1463681184.48,0,0,46.5
AB00,2018,3,15.40495867768595,506065726.08,7795921598.455537,0,0,15.40495867768595
AB00,2018,4,32.525,19415073.6,631475268.84,0,0,32.525
AB00,2018,5,13.575000000000001,18431133.12,250202632.10400003,0,0,13.575000000000001
AB00,2018,6,10,18507553.92,185075539.20000002,0,0,10
AB00,2018,7,0.8,47817950.4,38254360.32,0,0,0.8
GV01,2001,11,1.2,240271626.24,288325951.488,0,0,1.2
GV01,2002,2,0,154607149.44,0,0,0,0
GV01,2002,3,0,154658600.64000002,0,0,0,0
GV01,2002,4,0.6,100468002.24,60280801.344,0,0,0.6
GV01,2002,5,0.8,51396370.56,41117096.44800001,0,0,0.8
GV01,2002,7,0,16064784,0,0,0,0
GV01,2002,8,0.1,6170437.44,617043.7440000001,0,0,0.1
GV01,2002,9,0.2,6109413.12,1221882.624,0,0,0.2
GV01,2002,10,0.2,13640114.88,2728022.9760000003,0,0,0.2
GV01,2002,11,0.2,21361155.84,4272231.1680000005,975942000,47700000,14.193423484526493
GV01,2002,12,0.7,52205869.44,36544108.607999995,69276628000,534800000,118.07918066429615
GV01,2003,1,0.2,50040979.2,10008195.840000002,0,0,0.2
GV01,2003,2,2.1857142857142855,83149009.92,181739978.82514283,3357458000,136300000,16.127655258573984
GV01,2003,3,0.13636363636363635,118699214.4,16186256.509090908,23969660000,578000000,34.4278359451945
GV01,2003,4,0.4,97432312.32000001,38972924.928,93492000,63600000,0.8225984153091493
GV01,2003,5,0.38571428571428573,121065338.88,46696630.710857145,335238000,94700000,1.7701389513877104
GV01,2003,6,0.55,60550027.2,33302514.960000005,0,0,0.55
GV01,2003,7,0.6666666666666666,12646895.040000001,8431263.36,0,0,0.6666666666666665
GV01,2003,8,1.2,5600957.76,6721149.312,0,0,1.2
GV01,2003,9,0.65,7899811.2,5134877.28,0,0,0.65
GV01,2003,10,1.3,7716522.24,10031478.912,20966400.000000004,1170000,3.4881901012380747
GV01,2003,11,2.0238095238095237,15013373.76,30384208.799999997,185502000,12900000,7.734149610727672
GV01,2003,12,1.490909090909091,33120627.84,49379845.14327273,0,0,1.490909090909091
GV01,2004,1,0.6333333333333333,37109793.6,23502869.28,0,0,0.6333333333333333
GV01,2004,2,0.15,17428167.36,2614225.104,20914565000,482900000,41.80691911765485
GV01,2004,3,0.425,53590386.24,22775914.152,66120000,19000000,1.2246237932677513
GV01,2004,4,0.45,25816596.48,11617468.416000001,0,0,0.45
GV01,2004,5,4.45,23523765.12,104680754.78400001,0,0,4.45
GV01,2004,6,0.1,21785578.56,2178557.856,0,0,0.10000000000000002
GV01,2004,7,0.4,16968536.64,6787414.656,0,0,0.4
GV01,2004,8,0.4,508775.04,203510.016,0,0,0.4
GV01,2004,9,0.43333333333333335,614459.52,266265.792,0,0,0.43333333333333335
GV01,2004,10,9.409090909090908,6878934.72,64724522.13818181,3406698000,136200000,24.262289406414876
GV01,2004,11,13.6,39059504.64,531209263.104,0,0,13.6
GV01,2004,12,12.1,17007468.48,205790368.608,223335335999.99997,2673600000,83.08202849629815
GV01,2005,1,79.335,1220927160.96,96862256314.7616,378246431999.99994,5550400000,70.1647811457102
GV01,2005,2,50.199999999999996,680831913.6,34177762062.719997,167398000000,3080000000,53.59871610687451
GV01,2005,3,45.148275862068964,1870782454.08,84462602314.7222,43499520000,944000000,45.46075030744999
GV01,2005,4,22.514285714285712,755235334.08,17003584093.001143,817887000,49300000,22.15125966267262
GV01,2005,5,10.56,542617824.96,5730044231.5776005,1000110000,55500000,11.252221469954835
GV01,2005,6,0.35,1155457569.6,404410149.35999995,0,0,0.35
GV01,2005,7,0.9,709479864,638531877.6,0,0,0.9
GV01,2005,8,1,121951509.12,121951509.12,0,0,1
GV01,2005,9,2.8,213070780.8,596598186.24,0,0,2.8
GV01,2005,10,7.373333333333333,158907398.4,1171677217.536,0,0,7.373333333333333
GV01,2005,11,4.9363636363636365,89055408.96,439609882.41163635,1391916000,38600000,14.347420899223575
GV01,2005,12,2.2,136385665.92,300048465.024,25690302500,342250000,54.30090738237646
GV01,2006,1,5.3,182678258.88,968194772.0639999,0,0,5.3
GV01,2006,2,22.52,132792117.12,2990478477.5424,3242280000,123000000,24.366499436018273
GV01,2006,3,2.7750000000000004,84886807.68,235560891.31200004,1142720000,255600000,4.0479714932372675
GV01,2006,4,4.014285714285714,624044476.8,2505092828.2971425,39302200000,1340000000,21.28632692494489
GV01,2006,5,1.676923076923077,345951682.56,580134359.9852308,0,0,1.676923076923077
GV01,2006,6,3.35,134119126.08,449299072.36800003,0,0,3.35
GV01,2006,7,1.25,80641630.08,100802037.6,0,0,1.25
GV01,2006,8,2.05,64469088,132161630.39999999,0,0,2.05
GV01,2006,9,0.55,62389440,34314192,0,0,0.55
GV01,2006,10,2.4333333333333336,2079648,5060476.800000001,0,0,2.4333333333333336
GV01,2006,11,2.6999999999999997,NA,NA,0,0,NA
GV01,2006,12,0.6,NA,NA,0,0,NA
GV01,2007,1,1.1241379310344828,NA,NA,0,0,NA
GV01,2007,2,1.2,NA,NA,0,0,NA
GV01,2007,3,0.5333333333333333,NA,NA,0,0,NA
GV01,2007,4,1.9,NA,NA,0,0,NA
GV01,2007,5,0.15,NA,NA,0,0,NA
GV01,2007,6,1,NA,NA,0,0,NA
GV01,2007,7,14.5,NA,NA,0,0,NA
GV01,2007,8,0.45,NA,NA,0,0,NA
GV01,2007,9,0,NA,NA,0,0,NA
GV01,2007,10,1.05,180610205.76,189640716.048,0,0,1.05
GV01,2007,11,1.1,495184371.84,544702809.024,0,0,1.1
GV01,2008,2,49.4,3157846248.96,155997604698.624,0,0,49.4
GV01,2008,3,1.7666666666666666,2358340954.56,4166402353.0559998,0,0,1.7666666666666666
GV01,2008,4,1.0666666666666667,1849712336.6399999,1973026492.416,0,0,1.0666666666666667
GV01,2008,5,0.5,1871879060.16,935939530.08,0,0,0.5
GV01,2008,6,0,207904743.36,0,0,0,0
GV01,2008,7,1.25,NA,NA,0,0,NA
GV01,2008,8,1.4,NA,NA,0,0,NA
GV01,2008,9,2,NA,NA,0,0,NA
GV01,2008,10,2.05,749952.0000000001,1537401.6,0,0,2.05
GV01,2008,11,1.3,35043943.68,45557126.784,0,0,1.3
GV01,2008,12,7.071428571428571,33070317.12,233854385.34857142,0,0,7.071428571428571
GV01,2009,1,0.525,17996955.84,9448401.816,0,0,0.525
GV01,2009,2,8.549006622516556,536461773.12,4586215251.129854,0,0,8.549006622516556
GV01,2009,3,1.65,135897454.07999998,224230799.23199996,0,0,1.65
GV01,2009,4,0.75,41716805.76,31287604.32,0,0,0.75
GV01,2009,5,1.85,18065384.64,33420961.584000003,0,0,1.85
GV01,2009,6,1.05,8650195.2,9082704.959999999,0,0,1.05
GV01,2009,7,0.5,1551312,775656,0,0,0.5
GV01,2009,8,0,749952.0000000001,0,0,0,0
GV01,2009,9,0,701568.0000000001,0,0,0,0
GV01,2009,10,0,757684.8,0,937368000,83100000,11.178081081484855
GV01,2009,11,-0.8,2331365.76,-1865092.608,0,0,-0.8
GV01,2009,12,0,101971837.44,0,0,0,0
GV01,2010,1,-0.4,437709968.64,-175083987.456,140795600000,4840000000,26.644229570800032
GV01,2010,2,6.2,4126081317.1200004,25581704166.144005,0,0,6.200000000000001
GV01,2010,3,0.3,778299468.48,233489840.544,0,0,0.3
GV01,2010,4,2.666666666666667,396092574.72,1056246865.9200002,0,0,2.666666666666667
GV01,2010,5,15.3,242217285.12,3705924462.3360004,0,0,15.3
GV01,2010,6,0,125487532.8,0,0,0,0
GV01,2010,7,0,62491858.56,0,0,0,0
GV01,2010,8,0,15021979.2,0,0,0,0
GV01,2011,1,0,NA,NA,0,0,NA
GV01,2011,2,1.8846153846153846,NA,NA,0,0,NA
GV01,2011,3,9.633333333333335,NA,NA,0,0,NA
GV01,2011,4,0,NA,NA,0,0,NA
GV01,2011,5,0,NA,NA,0,0,NA
GV01,2011,6,0,NA,NA,0,0,NA
GV01,2011,7,0,NA,NA,0,0,NA
GV01,2011,8,0,NA,NA,0,0,NA
GV01,2011,9,0,NA,NA,0,0,NA
GV01,2011,10,0,149939078.4,0,0,0,0
GV01,2011,11,1.1,188750736,207625809.60000002,0,0,1.1
GV01,2011,12,0,132333238.08,0,0,0,0
GV01,2012,1,0.2,158806275.84,31761255.168,0,0,0.2
GV01,2012,2,6.675000000000001,78776953.92,525836167.41600007,0,0,6.675000000000001
GV01,2012,3,0,106153208.64,0,0,0,0
GV01,2012,4,0,106094525.76,0,0,0,0
GV01,2012,5,0.26666666666666666,27155554.56,7241481.215999999,0,0,0.26666666666666666
GV01,2012,7,1.2000000000000002,8502848.64,10203418.368000003,0,0,1.2000000000000002
GV01,2012,8,4.2,601672.32,2527023.744,0,0,4.2
GV01,2012,9,0.55,0,0,0,0,NA
GV01,2012,10,0.25,9537315.84,2384328.96,0,0,0.25
GV01,2012,11,1.35,24313366.08,32823044.208,0,0,1.35
GV01,2012,12,NA,54618433.92,NA,0,0,NA
GV01,2013,1,0.1,52254434.88,5225443.488000001,0,0,0.1
GV01,2013,2,0.15,23975421.12,3596313.168,0,0,0.15
GV01,2013,3,0.05,38624973.12,1931248.656,0,0,0.05
GV01,2013,4,0.15,8630210.88,1294531.632,0,0,0.15
GV01,2013,5,0.16,2375075.52,380012.0832,0,0,0.16
GV01,2013,6,0,1661472,0,0,0,0
GV01,2013,7,0,111611.52,0,0,0,0
GV01,2014,2,0.125,34509049.92,4313631.24,23546250000,575000000,38.638579089729824
GV01,2014,3,0.16666666666666666,186025135.68,31004189.28,0,0,0.16666666666666666
GV01,2014,4,0.08,70307032.32,5624562.5856,0,0,0.08
GV01,2014,5,0,34012275.84,0,0,0,0
GV01,2014,6,0.1,1992565.44,199256.544,0,0,0.1
GV01,2014,12,0,46128623.04,0,1170455593.4038014,91110636,8.528577038314221
GV01,2015,1,0.275,68279284.8,18776803.32,0,0,0.275
GV01,2015,2,0.07500000000000001,69182009.28,5188650.696,0,0,0.07500000000000001
GV01,2015,3,0.125,29901735.36,3737716.92,0,0,0.125
GV01,2015,4,0.16,7490638.08,1198502.0928,0,0,0.16
GV01,2015,5,0.05,1103336.64,55166.831999999995,0,0,0.05
GV01,2016,2,0.6000000000000001,46463163.839999996,27877898.304,0,0,0.6000000000000001
GV01,2016,3,4.43859649122807,306165614.40000004,1358945621.8105264,0,0,4.43859649122807
GV01,2016,4,0.1,37383456.96,3738345.6960000005,0,0,0.1
GV01,2016,5,0.2,21245924.16,4249184.832,0,0,0.2
GV01,2017,1,82.60000000000001,NA,NA,0,0,NA
GV01,2017,2,128.05,NA,NA,0,0,NA
GV01,2017,3,20,NA,NA,0,0,NA
GV01,2017,4,0.5333333333333333,NA,NA,0,0,NA
GV01,2017,5,0.2,NA,NA,0,0,NA
GV01,2017,6,0.23333333333333334,NA,NA,0,0,NA
GV01,2017,8,0.2,NA,NA,0,0,NA
GV01,2017,9,0.5,NA,NA,0,0,NA
HO00,2000,11,9.65,NA,NA,0,0,NA
HO00,2000,12,0.1,NA,NA,0,0,NA
HO00,2001,1,11.366666666666667,NA,NA,0,0,NA
HO00,2001,3,22.6,NA,NA,0,0,NA
HO00,2001,4,11.2,NA,NA,0,0,NA
HO00,2001,5,14.2,NA,NA,0,0,NA
HO00,2001,6,26.7,NA,NA,0,0,NA
HO00,2001,7,27.9,NA,NA,0,0,NA
HO00,2001,8,30.6,NA,NA,0,0,NA
HO00,2001,12,2,9176302.08,18352604.16,522720000,36300000,11.89790241097809
HO00,2002,5,7.25,27379684.8,198502714.8,0,0,7.25
HO00,2002,6,9.600000000000001,29566823.04,283841501.184,0,0,9.600000000000001
HO00,2002,7,10.8,22310735.04,240955938.432,0,0,10.8
HO00,2002,8,11.133333333333333,15450168.959999999,172011881.08799997,0,0,11.133333333333333
HO00,2002,9,10.25,18292366.08,187496752.32,0,0,10.25
HO00,2002,10,9.25,15954330.24,147577554.72,0,0,9.25
HO00,2002,11,8.3,7327212.48,60815863.58400001,2243460000,53800000,37.69640018081845
HO00,2002,12,7.7,11184505.92,86120695.584,42762180000,402000000,103.70258342620477
HO00,2003,1,4.5,8860829.76,39873733.92,0,0,4.5
HO00,2003,2,2.8,38024579.52,106468822.656,203342000,34700000,4.260056568230811
HO00,2003,6,2.4,35407704.96,84978491.904,0,0,2.4
HO00,2003,7,5.3,17397201.6,92205168.48,0,0,5.3
HO00,2003,8,8.2,2683601.28,22005530.495999996,0,0,8.2
HO00,2003,9,6.65,9393338.88,62465703.55200001,0,0,6.65
HO00,2003,10,8.9,14798609.28,131707622.592,0,0,8.9
HO00,2003,11,5.125,15133322.88,77558279.76,264547200,8160000,14.686847450766113
HO00,2003,12,7.6,19268133.12,146437811.712,87152000.00000001,20800000,5.829815205325942
HO00,2004,5,6.6,17463487.68,115259018.688,0,0,6.6
HO00,2004,6,6.25,23776986.24,148606164,0,0,6.25
HO00,2004,7,3.05,17241517.44,52586628.192,0,0,3.05
HO00,2004,8,5.2,13939940.16,72487688.832,0,0,5.2
HO00,2004,9,4.933333333333334,13025724.48,64260240.76800001,0,0,4.933333333333334
HO00,2004,10,7.4,14118727.68,104478584.832,2927400000,81600000,31.67487343718106
HO00,2004,11,3.6,24075204.48,86670736.128,0,0,3.6
HO00,2005,1,60,484913494.08,29094809644.8,361645588000,2775200000,119.85484503970204
HO00,2005,4,27.933333333333334,170337591.35999998,4758096718.655999,29064000,17300000,25.512802013490948
HO00,2005,6,16.1,46988441.28,756513904.608,0,0,16.1
HO00,2005,7,1.9,24988374.72,47477911.967999995,0,0,1.9
HO00,2005,8,4.5,17309514.240000002,77892814.08000001,0,0,4.5
HO00,2005,9,24.03333333333333,10209283.2,245363106.23999995,0,0,24.03333333333333
HO00,2005,10,5.449999999999999,20438585.28,111390289.776,0,0,5.449999999999999
HO00,2005,11,2.566666666666667,15510493.44,39810266.496,261273600,8960000,12.303955669477501
HO00,2005,12,2.0666666666666664,27384289.919999998,56594199.16799999,0,0,2.0666666666666664
HO00,2006,1,0.4,183829893.12,73531957.24800001,0,0,0.4
HO00,2006,2,12,30267492.48,363209909.76,1120680000,66000000,15.41423663931295
HO00,2006,5,1.2666666666666666,139880580.48,177182068.60799998,0,0,1.2666666666666666
HO00,2006,6,1,56792854.08,56792854.08,0,0,1
HO00,2006,7,2.6500000000000004,18145166.4,48084690.96,0,0,2.6500000000000004
HO00,2006,8,2.75,13659839.999999998,37564559.99999999,0,0,2.75
HO00,2006,9,4.949999999999999,13219199.999999998,65435039.999999985,0,0,4.949999999999999
HO00,2006,10,3.8,1762559.9999999998,6697727.999999999,0,0,3.8
HO00,2006,11,5.65,NA,NA,0,0,NA
HO00,2006,12,4.4,NA,NA,0,0,NA
HO00,2007,1,2.575,NA,NA,0,0,NA
HO00,2007,2,0.5,NA,NA,0,0,NA
HO00,2007,3,1.35,NA,NA,0,0,NA
HO00,2007,4,2.9,NA,NA,0,0,NA
HO00,2007,5,4.45,NA,NA,0,0,NA
HO00,2007,6,6.2,NA,NA,0,0,NA
HO00,2007,7,5.05,NA,NA,0,0,NA
HO00,2007,8,5.85,NA,NA,0,0,NA
HO00,2007,9,6.2,NA,NA,0,0,NA
HO00,2007,10,7.55,NA,NA,0,0,NA
HO00,2009,10,0,182620768.32000002,0,0,0,0
HO00,2009,11,1.6,1478943.36,2366309.376,0,0,1.6
HO00,2009,12,2.1166666666666667,33688336.32,71306978.544,0,0,2.1166666666666667
HO00,2010,1,23.333333333333332,35958980.16,839042870.3999999,31042560000,516000000,57.76081922094695
HO00,2010,2,10.7,350732600.64,3752838826.8479996,5089320000,201000000,16.026167053734458
HO00,2010,3,0.2,103891654.08,20778330.816,0,0,0.2
HO00,2010,4,4.841666666666667,24376533.119999997,118023047.85599999,0,0,4.841666666666667
HO00,2010,5,0,8361489.6,0,0,0,0
HO00,2010,6,0,711469.4400000001,0,0,0,0
HO00,2010,7,0,796633.92,0,0,0,0
HO00,2010,8,0,752146.56,0,0,0,0
HO00,2010,10,0,944896.32,0,0,0,0
HO00,2010,11,0,2645412.48,0,0,0,0
HO00,2011,1,0,41651755.2,0,0,0,0
HO00,2011,2,0,28144134.72,0,677382000,59710000,7.710303017141821
HO00,2011,3,0,78567122.88,0,107938600000,1630000000,63.17492509047945
HO00,2011,4,4.1,230388408,944592472.8,0,0,4.1
HO00,2011,5,4.949999999999999,37712589.12,186677316.14399996,0,0,4.949999999999999
HO00,2011,6,6,30150083.52,180900501.12,0,0,6
HO00,2011,7,7.5,12993436.8,97450776,0,0,7.5
HO00,2011,8,5.95,5897111.04,35087810.688,0,0,5.95
HO00,2011,9,6.949999999999999,4380626.88,30445356.815999996,0,0,6.949999999999999
HO00,2011,10,4.15,3364778.88,13963832.352,0,0,4.15
HO00,2011,11,6.7,2995367.04,20068959.168,40331200,5540000,7.076457155848333
HO00,2011,12,5.983333333333333,3005432.64,17982505.296,0,0,5.983333333333333
HO00,2012,1,0.9351351351351351,1094973.12,1023947.8365405407,0,0,0.9351351351351351
HO00,2012,2,1.8166666666666667,NA,NA,0,0,NA
HO00,2012,3,0.9214285714285715,NA,NA,0,0,NA
HO00,2012,4,0.7434782608695653,17153121.599999998,12752973.015652172,0,0,0.7434782608695653
HO00,2012,5,2.6333333333333333,2311001.2800000003,6085636.704000001,0,0,2.6333333333333333
HO00,2012,6,2.5,1579124.16,3947810.4,0,0,2.5
HO00,2012,7,3.05,990938.88,3022363.584,0,0,3.05
HO00,2012,8,3.8,1047038.4,3978745.92,0,0,3.8
HO00,2012,9,5.85,656372.16,3839777.136,0,0,5.85
HO00,2012,10,2.75,546238.08,1502154.72,0,0,2.75
HO00,2012,11,7.85,5209928.64,40897939.82399999,0,0,7.85
HO00,2012,12,NA,144839784.96,NA,0,0,NA
HO00,2013,1,0.6,54638098.56,32782859.136,0,0,0.6
HO00,2013,2,2.125,9598547.52,20396913.48,0,0,2.125
HO00,2013,3,1.675,NA,NA,0,0,NA
HO00,2013,4,1.8,NA,NA,0,0,NA
HO00,2013,5,1.1600000000000001,1496456.64,1735889.7024,0,0,1.1600000000000001
HO00,2013,6,1.4,254180.16,355852.224,0,0,1.4
HO00,2013,7,2.2,207377.28,456230.01600000006,0,0,2.2
HO00,2013,8,2.6,269948.16,701865.216,0,0,2.6
HO00,2013,9,4.15,186926.4,775744.56,0,0,4.15
HO00,2013,10,3.3,92741.76,306047.80799999996,0,0,3.3
HO00,2013,11,4.300000000000001,132935.04,571620.6720000001,0,0,4.300000000000001
HO00,2013,12,2.55,259260.48,661114.2239999999,0,0,2.55
HO00,2014,1,1.56,301829.76,470854.4256,0,0,1.56
HO00,2014,2,28.05,45457277.760000005,1275076641.1680002,0,0,28.05
HO00,2014,3,23.595238095238095,56729436.480000004,1338544560.7542858,0,0,23.595238095238095
HO00,2014,4,2.2600000000000002,873745.92,1974665.7792000002,0,0,2.2600000000000002
HO00,2014,5,1.8,220976.63999999998,397757.952,0,0,1.8
HO00,2014,6,2,89536.32,179072.64,0,0,2
HO00,2014,7,3.4,105494.4,358680.95999999996,0,0,3.4
HO00,2014,8,2.9,91774.08,266144.832,0,0,2.9
HO00,2014,9,2.1500000000000004,160323.84,344696.25600000005,0,0,2.1500000000000004
HO00,2014,10,2.3333333333333335,118825.92,277260.48000000004,0,0,2.3333333333333335
HO00,2014,11,4.15,222782.4,924546.9600000001,0,0,4.15
HO00,2014,12,4.1,6646838.399999999,27252037.439999994,386013308.682177,41595500,8.566445156443267
HO00,2015,1,2.85,1082142.72,3084106.752,0,0,2.85
HO00,2015,2,1.375,2700207.36,3712785.1199999996,0,0,1.375
HO00,2015,3,1.125,955748.16,1075216.68,0,0,1.125
HO00,2015,4,2.16,361488.96,780816.1536000001,0,0,2.16
HO00,2015,5,1.8599999999999999,255191.04,474655.3344,0,0,1.8599999999999999
HO00,2015,6,1.5,173145.6,259718.40000000002,0,0,1.5
HO00,2015,7,0.2,170078.4,34015.68,0,0,0.2
HO00,2015,10,3.8,97735.68,371395.584,0,0,3.8
HO00,2015,11,3.825,115516.8,441851.76,0,0,3.825
HO00,2015,12,2.9,125133.12,362886.04799999995,0,0,2.9
HO00,2016,1,8.766666666666666,7903258.56,69285233.37599999,0,0,8.766666666666666
HO00,2016,2,2.258974358974359,3356268.48,7581724.438153846,0,0,2.258974358974359
HO00,2016,3,42.52376237623762,99867591.35999998,4246745724.0798407,0,0,42.52376237623762
HO00,2016,4,0.975,1222205.76,1191650.616,0,0,0.975
HO00,2016,5,0.925,631990.08,584590.824,0,0,0.925
HO00,2016,6,0.75,317727.36,238295.52,0,0,0.75
HO00,2016,7,0.6,194469.12,116681.472,0,0,0.6
HO00,2016,8,1.3,130628.16,169816.608,0,0,1.3
HO00,2016,9,0.3,119568.96,35870.688,0,0,0.3
HO00,2016,10,1,95238.72,95238.72,0,0,1
HO00,2016,11,0.6666666666666666,109857.6,73238.4,0,0,0.6666666666666666
HO00,2016,12,0.30000000000000004,341712,102513.60000000002,0,0,0.30000000000000004
HO00,2017,1,137.11326530612246,761571322.5600001,104421530799.70386,0,0,137.11326530612246
HO00,2017,2,217.9975903614458,2602425421.44,567322470969.29,0,0,217.9975903614458
HO00,2017,3,144.2722222222222,171842575.68,24792110265.744,0,0,144.2722222222222
HO00,2017,4,6.166666666666667,56428997.76,347978819.52,0,0,6.166666666666667
HO00,2017,5,4.875,32499930.24,158437159.92,0,0,4.875
HO00,2017,6,4.766666666666667,13718842.56,65393149.536,0,0,4.766666666666667
HO00,2017,8,5.9,651300.48,3842672.832,0,0,5.9
HO00,2017,9,4.5,338040,1521180,0,0,4.5
HO00,2017,10,3.1,317908.8,985517.28,0,0,3.1
HO00,2017,11,2.2666666666666666,357860.16000000003,811149.696,0,0,2.2666666666666666
HO00,2018,1,10.425,3635660.16,37901757.168000005,0,0,10.425
HO00,2018,2,2.3,668900.16,1538470.368,0,0,2.3
HO00,2018,3,42.981818181818184,335721697.92,14429928979.688728,0,0,42.981818181818184
HO00,2018,4,0.525,9026709.12,4739022.288,0,0,0.525
HO00,2018,5,0.05,2189522.88,109476.144,0,0,0.05
HO00,2018,6,0.4,840542.4,336216.96,0,0,0.4
HO00,2018,7,1.5,482846.4,724269.6000000001,0,0,1.5000000000000002
MC06,2000,11,0.4,33644160,13457664,0,0,0.4
MC06,2001,1,12.3,399154314.24,4909598065.152,0,0,12.3
MC06,2001,3,30.1,2540806963.2,76478289592.31999,0,0,30.099999999999998
MC06,2001,4,1.4,192811622.4,269936271.36,0,0,1.4000000000000001
MC06,2001,9,9.4,17543900.16,164912661.504,0,0,9.4
MC06,2001,11,7.15,13115105.28,93773002.752,1541256485.7998016,29107296,38.724218400299414
MC06,2001,12,10.45,35234611.2,368201687.04,255127552.67130372,13162003.2,12.879604233458604
MC06,2002,1,7.933333333333333,27380229.12,217216484.352,346724235.9072936,15471216,13.160366439919343
MC06,2002,3,13.76,10594851.84,145785161.3184,13154306.354028057,844162.56,13.894507176459891
MC06,2002,11,26.8,9053337.6,242629447.68,17407429517.34969,100543023.4,161.04603112716205
MC06,2002,12,23.15,25055723.52,580039999.4879999,43737842855.51264,292401394.56,139.6027379163457
MC06,2003,2,5.38,20431180.8,109919752.704,2809201727.160971,75920595.84,30.296498743055988
MC06,2003,3,6.25,129242511.36,807765696,53342865776.40429,590126722.6,75.2751562286236
MC06,2003,4,3.8,44801786.88,170246790.144,658302959.632487,54203800.32,8.368717091720729
MC06,2003,5,0.88,56179630.08,49438074.4704,1523276628.2669704,101419810.6,9.979189621178358
MC06,2003,6,4.65,24174858.24,112413090.816,0,0,4.65
MC06,2003,7,10.5,8417157.120000001,88380149.76,0,0,10.5
MC06,2003,8,15.8,6728832,106315545.60000001,0,0,15.8
MC06,2003,9,13.7,9273553.92,127047688.704,0,0,13.7
MC06,2007,7,30,5480939.5200000005,164428185.60000002,0,0,30
MC06,2007,10,17.2,5945840.640000001,102268459.008,0,0,17.2
MC06,2008,1,10.5,2131596103.68,22381759088.64,0,0,10.5
MC06,2008,4,0.8,20577991.68,16462393.344,0,0,0.8
MC06,2008,7,4.2,19966279.68,83858374.656,0,0,4.2
MC06,2009,6,15.4,8930995.200000001,137537326.08,0,0,15.4
MC06,2009,10,172.4,225746196.48,38918644273.152,0,0,172.4
MC06,2009,11,24.7,10007608.32,247187925.504,0,0,24.7
MC06,2009,12,73.96666666666667,29606860.8,2189920803.84,10082328000,85200000,106.89473362762655
MC06,2010,1,179.75714285714287,75509729.28,13573413193.289145,168270080000,748000000,220.8152335398346
MC06,2010,2,164.93333333333334,114683765.76,18915175766.016003,79567130000,621000000,133.86499791018034
MC06,2010,3,64.86666666666667,207174620.16,13438727027.712002,0,0,64.86666666666667
MC06,2010,4,34.6875,84783283.2,2940920136,9071124000,98300000,65.60972649194878
MC06,2010,5,2.0500000000000003,31784555.52,65158338.81600001,0,0,2.0500000000000003
MC06,2010,6,3.25,17837521.92,57971946.24000001,0,0,3.25
MC06,2010,7,9.1,9175680,83498688,0,0,9.1
MC06,2010,8,11.1,5627750.4,62468029.440000005,0,0,11.1
MC06,2010,10,9.3,23489740.8,218454589.44000003,0,0,9.3
MC06,2010,11,8,26719580.16,213756641.28,0,0,8
MC06,2011,1,48.449999999999996,252147686.4,12216555406.08,0,0,48.449999999999996
MC06,2011,2,0,209523594.24,0,0,0,0
MC06,2011,3,30.15,193692487.68,5839828503.552,106970400000,1790000000,56.868808650622874
MC06,2011,4,4.8,255622210.56,1226986610.688,0,0,4.8
MC06,2011,5,1.05,86104581.12,90409810.17600001,0,0,1.05
MC06,2011,6,0,64205291.52,0,0,0,0
MC06,2011,7,6.7,31637744.64,211972889.088,0,0,6.7
MC06,2011,8,13.049999999999999,13531069.440000001,176580456.192,0,0,13.049999999999999
MC06,2011,9,16.15,5750092.8,92863998.71999998,0,0,16.15
MC06,2011,10,14.75,9273553.92,136784920.32,0,0,14.75
MC06,2011,11,14.85,11646996.48,172957897.72800002,0,0,14.850000000000001
MC06,2011,12,16.36,18351360,300228249.59999996,0,0,16.36
MC06,2012,1,11.942857142857143,13457664,160722958.62857142,41932800,5460000,10.712514961074021
MC06,2012,2,13.475,7291607.04,98254404.864,0,0,13.475
MC06,2012,3,15.94375,21728010.24,346425963.26399994,422644000,15700000,20.547978862153908
MC06,2012,4,2.5,12845952,32114880,811376800,30340000,19.531621764410797
MC06,2012,5,6.550000000000001,10545914.88,69075742.46400002,0,0,6.550000000000001
MC06,2012,6,32.15,5750092.8,184865483.51999998,0,0,32.15
MC06,2012,7,38.85,1565982.72,60838428.672,0,0,38.85
MC06,2012,8,33.1,1174487.04,38875521.024000004,0,0,33.1
MC06,2012,9,84.8,1517045.76,128645480.448,0,0,84.8
MC06,2012,10,43.4,1394703.3599999999,60530125.82399999,0,0,43.4
MC06,2012,11,47.8,7365012.48,352047596.544,0,0,47.800000000000004
MC06,2012,12,NA,22657812.48,NA,0,0,NA
MC06,2013,1,11.766666666666666,16663034.88,196068377.088,0,0,11.766666666666666
MC06,2013,2,11.175,8784184.32,98163259.77600001,0,0,11.175
MC06,2013,3,11.825,5358597.12,63365410.944,0,0,11.825
MC06,2013,4,23.325,978739.2,22829091.84,0,0,23.325
MC06,2013,5,45.92,1321297.92,60674000.4864,0,0,45.92
MC06,2013,6,120.1,1663856.64,199829182.464,0,0,120.1
MC06,2013,7,179.13333333333333,1492577.28,267370343.424,0,0,179.13333333333333
MC06,2013,8,149.8,1517045.76,227253454.84800002,0,0,149.8
MC06,2013,9,185.45,1835136,340325971.2,0,0,185.45
MC06,2013,10,156.15,2838343.68,443207365.632,0,0,156.15
MC06,2013,11,87.05,2446848,212998118.4,0,0,87.05
MC06,2013,12,48,2226631.68,106878320.64000002,0,0,48
MC06,2014,1,46.04,1884072.96,86742719.0784,0,0,46.04
MC06,2014,2,45.5,1101081.6,50099212.800000004,8989056000,86700000,102.95038566814193
MC06,2014,3,23,4257515.5200000005,97922856.96000001,0,0,23
MC06,2014,4,49.22,2079820.8,102368779.776,0,0,49.22
MC06,2014,5,153.65,1125550.08,172940769.79200003,0,0,153.65
MC06,2014,6,140.7,1223424,172135756.79999998,0,0,140.7
MC06,2014,7,195.4,1076613.1199999999,210370203.64799997,0,0,195.4
MC06,2014,8,207,1565982.72,324158423.04,0,0,207.00000000000003
MC06,2014,9,210.2,734054.4,154298234.88,0,0,210.2
MC06,2014,10,185.75,1027676.16,190890846.72,0,0,185.75
MC06,2014,11,58.699999999999996,2251100.16,132139579.392,284679128.2843645,3966588,67.03757038795663
MC06,2014,12,9.4,4746885.12,44620720.128000006,3693555392.937393,42993252,78.30258433630141
MC06,2015,1,10.05,13702348.8,137708605.44000003,0,0,10.05
MC06,2015,2,12.899999999999999,5309660.16,68494616.064,37128436.86485232,1962000,14.525301046089083
MC06,2015,3,33.875,3792614.4000000004,128474812.80000001,0,0,33.875
MC06,2015,4,103,1614919.68,166336727.04,19616404.89239532,362556,94.03561005230432
MC06,2015,5,113.75555555555556,1786199.04,203190064.12800002,0,0,113.75555555555556
MC06,2015,6,48.7,1761730.56,85796278.27200001,0,0,48.70000000000001
MC06,2015,7,140.2,1517045.76,212689815.552,0,0,140.2
MC06,2015,10,176.2,758522.88,133651731.45599999,0,0,176.2
MC06,2015,12,58.2,1908541.44,111077111.808,0,0,58.2
MC06,2016,1,78.00246913580247,25496156.16,1988763133.9520001,0,0,78.00246913580247
MC06,2016,2,26.134146341463413,4257515.5200000005,111266533.65073171,0,0,26.134146341463413
MC06,2016,3,28.715686274509803,46783733.76,1343427021.4023528,0,0,28.715686274509803
MC06,2016,4,16.178260869565218,3768145.92,60962047.688347824,0,0,16.178260869565218
MC06,2016,5,59.56666666666666,2275568.64,135548038.656,0,0,59.566666666666656
MC06,2016,6,89.25,2202163.2,196543065.60000002,0,0,89.25
MC06,2016,7,141.2,1198955.52,169292519.424,0,0,141.2
MC06,2016,10,60.11764705882353,2471316.48,148569731.9152941,0,0,60.11764705882353
MC06,2016,11,53.91538461538462,2887280.64,155668846.19815385,0,0,53.91538461538462
MC06,2016,12,31.903846153846153,9224616.96,294300760.32000005,0,0,31.903846153846157
MC06,2017,1,37.16929824561404,414349240.32,15401070491.297686,0,0,37.16929824561404
MC06,2017,2,107.12531645569621,1616754816,173195371295.2709,0,0,107.12531645569621
MC06,2017,3,55.523529411764706,85517337.6,4748224409.449411,0,0,55.523529411764706
MC06,2017,4,8.366666666666667,14289592.32,119556255.744,0,0,8.366666666666667
MC06,2017,5,5.225,9542707.200000001,49860645.120000005,0,0,5.225
MC06,2017,6,24.066666666666666,8539499.52,205517288.44799998,0,0,24.066666666666666
MC06,2018,1,18.675,15953448.959999999,297930659.328,0,0,18.675
MC06,2018,2,61.833333333333336,3376650.24,208789539.84000003,0,0,61.833333333333336
MC06,2018,3,63.33025210084033,168710169.60000002,10684457572.74353,0,0,63.33025210084033
MC06,2018,4,2.95,16516224,48722860.800000004,0,0,2.95
MC06,2018,5,22.35,4037299.2,90233637.12,0,0,22.35
MC06,2018,6,51.3,1150018.56,58995952.128,0,0,51.3
RS02,2001,4,0.4,NA,NA,0,0,NA
RS02,2002,1,2.58,89149593.6,230005951.488,0,0,2.58
RS02,2002,2,3.52,29939345.28,105386495.3856,0,0,3.52
RS02,2002,3,5.036363636363636,29336860.8,147751098.93818182,0,0,5.036363636363636
RS02,2002,4,3.4,27216915.84,92537513.85599999,0,0,3.4
RS02,2002,5,2.9333333333333336,18673994.88,54777051.648,0,0,2.9333333333333336
RS02,2002,6,2.05,15149920.32,31057336.656,0,0,2.05
RS02,2002,7,6.9,12545228.16,86562074.304,0,0,6.9
RS02,2002,8,1.0999999999999999,14889372.48,16378309.727999998,0,0,1.0999999999999999
RS02,2002,9,1.15,3431099.5200000005,3945764.4480000003,0,0,1.15
RS02,2002,10,1.05,9148386.24,9605805.552000001,0,0,1.05
RS02,2002,11,1.0333333333333334,10552921.92,10904685.984000001,666084000,18800000,23.063757939638872
RS02,2002,12,1.02,25416072,25924393.44,6565969000,67400000,71.02103387266808
RS02,2003,1,0.34,39736958.4,13510565.856,0,0,0.34
RS02,2003,2,1.0583333333333333,41805357.12,44244002.952,446700000,30000000,6.837150076860449
RS02,2003,3,1.2,36504319.68,43805183.616,10270000000,130000000,61.94316882251351
RS02,2003,4,0.65,31143908.16,20243540.304,138752000,25600000,2.801984309147028
RS02,2003,5,0.9199999999999999,50611538.88,46562615.7696,656548000,60400000,6.333671462113868
RS02,2003,6,1.3,34871627.52,45333115.77600001,0,0,1.3
RS02,2003,7,2.1,27191237.76,57101599.296000004,0,0,2.1
RS02,2003,8,61.7,12128892.48,748352666.016,0,0,61.7
RS02,2003,9,2.35,8853217.92,20805062.112,0,0,2.35
RS02,2003,10,1.65,6442295.04,10629786.816,53222400,1680000,7.861347870465932
RS02,2003,11,1.0166666666666666,19536733.44,19862345.664,6458400,2990000,1.1684226536486242
RS02,2003,12,0.925,17497944,16185598.200000001,11312600,4940000,1.2255221868812938
RS02,2004,1,0.9,27782075.52,25003867.968,0,0,0.8999999999999999
RS02,2004,2,3.675,14695076.16,54004404.888,4652900100,77390000,51.11473760101628
RS02,2004,3,0.8,13799833.92,11039867.136,8055600,4110000,1.06620012342359
RS02,2004,4,2.18,9636252.48,21007030.406400003,0,0,2.18
RS02,2004,5,1.4,2185729.92,3060021.888,0,0,1.4
RS02,2004,6,0.9,2276812.8,2049131.5199999998,0,0,0.9
RS02,2004,7,0.75,290062.08,217546.56,0,0,0.75
RS02,2004,8,1.15,0,0,0,0,NA
RS02,2004,9,0.3,0,0,0,0,NA
RS02,2004,10,1.9666666666666666,7137218.88,14036530.464,1377367200,25520000,42.60631426015662
RS02,2004,11,4.44,11082113.28,49204582.9632,0,0,4.44
RS02,2004,12,92.20714285714286,224256193.92000002,20678022909.380573,10992042800,122280000,91.39035478842882
RS02,2005,1,68.63513513513513,516931424.64000005,35479658185.76433,66903499999.99999,1046000000,65.5071339482133
RS02,2005,2,11,170738107.2,1878119179.1999998,29104320000,568000000,41.9396791328812
RS02,2005,3,8.466666666666667,251630219.51999998,2130469191.9359999,3075949000,112400000,14.30215930644724
RS02,2005,4,1.16,135812393.28,157542376.20479998,37053000,8950000,1.3442398387847376
RS02,2005,5,0.7166666666666667,64017820.8,45879438.239999995,25800000,10000000,0.9684078437499744
RS02,2005,6,0.575,65373609.6,37589825.519999996,0,0,0.575
RS02,2005,7,1.3,34182544.32,44437307.616000004,0,0,1.3
RS02,2005,8,2.65,20813328,55155319.199999996,0,0,2.65
RS02,2005,9,2.3499999999999996,19216612.8,45159040.08,0,0,2.3499999999999996
RS02,2005,10,8.49,15679811.52,133121599.8048,0,0,8.49
RS02,2005,11,1.42,18384079.68,26105393.1456,25816800,3720000,2.3489868792221076
RS02,2005,12,1.89375,32358052.8,61278062.49,0,0,1.89375
RS02,2006,1,20.2,120258907.2,2429229925.44,0,0,20.2
RS02,2006,2,50.61,16147589.76,817229517.7536,1590424000,34100000,47.915801121076505
RS02,2006,3,4.252380952380952,51225307.199999996,217829520.61714283,819328000,34600000,12.084518593102606
RS02,2006,4,6.3375,128303533.44,813123643.176,12672090000,309000000,30.837193418255865
RS02,2006,5,0.45789473684210524,76416514.56,34990719.8248421,0,0,0.45789473684210524
RS02,2006,6,2.15,38678791.68,83159402.11199999,0,0,2.15
RS02,2006,7,4.8,20501208,98405798.39999999,0,0,4.8
RS02,2006,8,1.75,21488734.08,37605284.64,0,0,1.7500000000000002
RS02,2006,9,589.6666666666666,21295241.28,12557093941.44,0,0,589.6666666666666
RS02,2006,10,2.2,NA,NA,0,0,NA
RS02,2006,11,0.39999999999999997,NA,NA,0,0,NA
RS02,2006,12,4.3,NA,NA,0,0,NA
RS02,2007,1,6.953333333333333,NA,NA,0,0,NA
RS02,2007,2,3.118181818181818,NA,NA,0,0,NA
RS02,2007,3,3.9000000000000004,NA,NA,0,0,NA
RS02,2007,4,6.114285714285715,NA,NA,0,0,NA
RS02,2007,5,2.5666666666666664,NA,NA,0,0,NA
RS02,2007,6,2.9,NA,NA,0,0,NA
RS02,2007,7,0.7,NA,NA,0,0,NA
RS02,2007,8,1.7000000000000002,NA,NA,0,0,NA
RS02,2007,9,1.9,NA,NA,0,0,NA
RS02,2007,10,1.2,NA,NA,0,0,NA
RS02,2007,12,11.8,63896135.04,753974393.472,0,0,11.8
RS02,2008,1,4.6,73306952.64,337211982.144,64903310000,614000000,94.92195842272514
RS02,2008,2,16.7,228330247.68,3813115136.256,80556000,19600000,15.704703934638525
RS02,2008,3,0.23333333333333334,166693438.08,38895135.552,0,0,0.2333333333333333
RS02,2008,4,1.15,73347059.52,84349118.44799998,0,0,1.15
RS02,2008,5,0.5,67750439.04,33875219.52,0,0,0.5
RS02,2008,6,2.1,65529527.04,137612006.784,0,0,2.1
RS02,2008,7,1.9,68308176.96,129785536.22399998,0,0,1.9
RS02,2008,8,3.5,30536948.16,106879318.56,0,0,3.5
RS02,2008,9,1,18818585.28,18818585.28,0,0,1
RS02,2008,10,0.1,23299971.84,2329997.184,0,0,0.09999999999999999
RS02,2008,11,0.9777777777777777,26853292.8,26256552.96,0,0,0.9777777777777777
RS02,2008,12,21.705555555555556,41050920.96,891033045.5040001,0,0,21.705555555555556
RS02,2009,1,0.6142857142857143,29907601.92,18371812.608000003,0,0,0.6142857142857143
RS02,2009,2,3.4333333333333336,60246365.76,206845855.776,435424000,17600000,8.250479640322776
RS02,2009,3,32.13214285714286,30449839.68,978418598.5748572,0,0,32.13214285714286
RS02,2009,4,3.3666666666666667,26138583.36,87999897.31199999,0,0,3.3666666666666663
RS02,2009,5,-1.2,28142821.44,-33771385.728,0,0,-1.2
RS02,2009,6,6,25673025.6,154038153.60000002,0,0,6.000000000000001
RS02,2009,7,2.6999999999999997,24529694.4,66230174.87999999,0,0,2.6999999999999997
RS02,2009,8,0,23964612.48,0,0,0,0
RS02,2009,9,0.6,24423992.64,14654395.584,0,0,0.6
RS02,2009,10,85.84285714285714,1690061.76,145079730.22628573,0,0,85.84285714285716
RS02,2009,11,-0.6,1986318.72,-1191791.2319999998,0,0,-0.6
RS02,2009,12,49,2236040.64,109565991.36,796768799.9999999,3030000,172.10934235403087
RS02,2010,1,205.1,11666756.16,2392851688.416,36837780000,139000000,260.38014415572326
RS02,2010,2,91.25,60823301.76,5550126285.599999,29737223999.999996,172800000,151.04379580188672
RS02,2010,3,89.94,163098550.08,14669083594.1952,0,0,89.94
RS02,2010,4,62.57272727272727,78868408.32000001,4935011404.241455,2159616000,25600000,67.91170190427053
RS02,2010,5,13.899999999999999,25864194.240000002,359512299.936,0,0,13.899999999999999
RS02,2010,6,8.55,12039114.24,102934426.752,0,0,8.55
RS02,2010,7,6.25,6958638.72,43491492,0,0,6.25
RS02,2010,8,7.2,8655232.32,62317672.704,0,0,7.2
RS02,2010,10,3.8,34781840.64,132170994.432,0,0,3.8
RS02,2010,11,1.1,34519530.24,37971483.264000006,0,0,1.1
RS02,2011,1,61.050000000000004,125753022.72,7677222037.056001,0,0,61.050000000000004
RS02,2011,2,1.4428571428571428,38819528.64,56011034.18057143,682408000,47200000,8.584318536212004
RS02,2011,3,105.30000000000001,72681192,7653329517.6,19379100000,390000000,58.42560705947174
RS02,2011,4,4.9,110499837.12,541449201.888,0,0,4.8999999999999995
RS02,2011,5,2.4000000000000004,57710404.8,138504971.52,0,0,2.4000000000000004
RS02,2011,6,0,50573635.2,0,0,0,0
RS02,2011,7,3,36629703.36,109889110.08,0,0,3
RS02,2011,8,5.95,28545203.52,169843960.944,0,0,5.95
RS02,2011,9,3.6500000000000004,23663335.68,86371175.23200001,0,0,3.6500000000000004
RS02,2011,10,3,5151055.68,15453167.04,0,0,3
RS02,2011,11,3.3,3811250.88,12577127.904,24192560,2144000,6.174330627696411
RS02,2011,12,3.75,11045531.52,41420743.199999996,0,0,3.7499999999999996
RS02,2012,1,1.8333333333333333,14104653.12,25858530.72,82245200,5080000,5.634906716520294
RS02,2012,2,2.85,22891360.32,65240376.912,0,0,2.85
RS02,2012,3,4.2,13996748.16,58786342.272,64506500,8110000,5.57715867479263
RS02,2012,4,2.45,14754968.639999999,36149673.168,91946000,7400000,5.7818034071475894
RS02,2012,5,26.966666666666665,18227894.4,491545552.31999993,0,0,26.966666666666665
RS02,2012,6,3.3,1976512.32,6522490.6559999995,0,0,3.3
RS02,2012,7,4.2,NA,NA,0,0,NA
RS02,2012,8,1.8,544.32,979.7760000000001,0,0,1.8
RS02,2012,9,1.8,530366.4,954659.52,0,0,1.8
RS02,2012,11,6.35,4946374.08,31409475.408,0,0,6.35
RS02,2012,12,NA,15371709.12,NA,0,0,NA
RS02,2013,1,0.5,19402130.88,9701065.44,0,0,0.5
RS02,2013,2,0.275,17992316.16,4947886.944,0,0,0.275
RS02,2013,3,0.6333333333333333,12346145.28,7819225.344,4841000,2060000,0.8788072796666953
RS02,2013,4,0.325,9410307.84,3058350.048,0,0,0.325
RS02,2013,5,0.575,1092605.76,628248.3119999999,0,0,0.575
RS02,2013,6,0,983050.56,0,0,0,0
RS02,2014,3,0.05,3057713.28,152885.664,0,0,0.05
RS02,2014,4,0.06666666666666667,576642.24,38442.816,0,0,0.06666666666666667
RS02,2014,12,7.166666666666667,4433365.4399999995,31772452.319999997,83222849.0980494,3506004,14.48418571362632
RS02,2015,1,0.275,1865808,513097.20000000007,0,0,0.275
RS02,2015,2,0.26666666666666666,375183.36,100048.896,0,0,0.26666666666666666
RS02,2015,3,0.55,46984.32,25841.376,0,0,0.55
RS02,2016,1,31.725,534461.76,16955799.336,0,0,31.724999999999998
RS02,2016,2,2.666666666666667,175253.76,467343.3600000001,0,0,2.666666666666667
RS02,2016,3,10.916666666666666,912608.64,9962644.32,0,0,10.916666666666666
RS02,2016,4,0.16666666666666669,103325.76,17220.960000000003,0,0,0.1666666666666667
RS02,2017,1,72.96129032258064,36910252.8,2693019670.4206448,0,0,72.96129032258064
RS02,2017,2,98.08311688311689,286112347.2,28062790792.120518,0,0,98.08311688311689
RS02,2017,3,43.28888888888889,4806768.96,208079687.42400002,0,0,43.28888888888889
RS02,2017,4,0.26666666666666666,2935120.32,782698.752,0,0,0.26666666666666666
RS02,2017,5,0.175,6540022.08,1144503.8639999998,0,0,0.17499999999999996
RS02,2017,6,0.03333333333333333,5568860.16,185628.672,0,0,0.03333333333333333
RS02,2018,1,0.475,816315.84,387750.024,0,0,0.475
RS02,2018,2,0.36666666666666664,592773.12,217350.14399999997,0,0,0.36666666666666664
RS02,2018,3,115.19714285714285,56366470.08,6493256306.1586275,0,0,115.19714285714284
RS02,2018,4,0.26666666666666666,2256776.64,601807.104,0,0,0.26666666666666666
RS02,2018,5,0.07500000000000001,835142.4,62635.68000000001,0,0,0.07500000000000001
AB00,2007,12,NA,NA,NA,11396700000,189000000,NA
AB00,2010,12,NA,NA,NA,82340500000,1210000000,NA
GV01,2008,1,NA,NA,NA,173546100000,1170000000,NA
HO00,2001,11,NA,NA,NA,6446400,2720000,NA
HO00,2003,3,NA,NA,NA,51597780000,498000000,NA
HO00,2003,4,NA,NA,NA,55020000,65500000,NA
HO00,2003,5,NA,NA,NA,423900000,90000000,NA
HO00,2004,2,NA,NA,NA,23596567600,393380000,NA
HO00,2004,3,NA,NA,NA,90228000,20600000,NA
HO00,2004,12,NA,NA,NA,152796200000,1090000000,NA
HO00,2005,2,NA,NA,NA,113563200000,1180000000,NA
HO00,2005,3,NA,NA,NA,50739840000,576000000,NA
HO00,2005,5,NA,NA,NA,240408000.00000003,21600000,NA
HO00,2006,3,NA,NA,NA,1527569000,118400000,NA
HO00,2006,4,NA,NA,NA,51937920000,762000000,NA
MC06,2001,10,NA,NA,NA,83397540.4099969,1993161.6,NA
MC06,2002,2,NA,NA,NA,16230821.355298828,1347805.44,NA
MC06,2010,12,NA,NA,NA,234763500000,1590000000,NA
RS02,2010,12,NA,NA,NA,51695800000,337000000,NA
RS02,2014,2,NA,NA,NA,2462832000,43200000,NA
